{
  "peptide_id": "SOLVIA_1400",
  "features": {
    "rmsd_mean": 3.804916430055894,
    "rmsd_std": 1.7711432737730712,
    "rmsd_max": 7.381612183592446,
    "rg_mean": 12.725422097739136,
    "rg_std": 0.5847086531154089,
    "n_exposed_beads": 25,
    "membrane_contacts_mean": 67.28092500662756,
    "membrane_contacts_max": 192.53926178981555,
    "membrane_contacts_std": 14.014077899934863,
    "energy_mean": -40102.84025953121,
    "energy_std": 199.2812104919067,
    "energy_drift": -69.03994629499496,
    "msd": 18.351020871332988,
    "mobility": 2.4935837908724268,
    "membrane_perturbation": 0.39109936651322774
  },
  "mock_data": true
}