{
  "peptide_id": "SOLVIA_1600",
  "features": {
    "rmsd_mean": 3.487604069766507,
    "rmsd_std": 0.7025808128992841,
    "rmsd_max": 6.681054620918799,
    "rg_mean": 9.425215823801443,
    "rg_std": 1.0585715024699007,
    "n_exposed_beads": 47,
    "membrane_contacts_mean": 56.487319640194265,
    "membrane_contacts_max": 93.2952568027037,
    "membrane_contacts_std": 11.603845150939968,
    "energy_mean": -45437.727808571806,
    "energy_std": 383.85183019477154,
    "energy_drift": 27.20353505827218,
    "msd": 8.98678497968657,
    "mobility": 4.163330257707124,
    "membrane_perturbation": 0.8423374119439311
  },
  "mock_data": true
}