{
  "peptide_id": "SOLVIA_100",
  "features": {
    "rmsd_mean": 2.329539952321535,
    "rmsd_std": 0.6097327902632368,
    "rmsd_max": 3.0642867866489367,
    "rg_mean": 12.642058027338846,
    "rg_std": 1.5059290529731788,
    "n_exposed_beads": 49,
    "membrane_contacts_mean": 61.27901143130835,
    "membrane_contacts_max": 81.20861602417885,
    "membrane_contacts_std": 13.4895642517444,
    "energy_mean": -41839.60130744174,
    "energy_std": 358.69433077010626,
    "energy_drift": 41.413640968672354,
    "msd": 34.87012824668275,
    "mobility": 1.9709994000415585,
    "membrane_perturbation": 0.7060912430767192
  },
  "mock_data": true
}