{
  "peptide_id": "SOLVIA_1",
  "features": {
    "rmsd_mean": 4.396625868676266,
    "rmsd_std": 0.9396462559511691,
    "rmsd_max": 5.01474055286261,
    "rg_mean": 13.751774430094276,
    "rg_std": 0.6387582961456157,
    "n_exposed_beads": 48,
    "membrane_contacts_mean": 48.57220472897282,
    "membrane_contacts_max": 88.71819953772908,
    "membrane_contacts_std": 24.485755003422796,
    "energy_mean": -40418.55812818989,
    "energy_std": 113.42511907161521,
    "energy_drift": 53.73579528901183,
    "msd": 48.2269116337411,
    "mobility": 2.47438294897334,
    "membrane_perturbation": 0.8929844863908261
  },
  "mock_data": true
}