{
  "peptide_id": "SOLVIA_2",
  "features": {
    "rmsd_mean": 3.989083181298848,
    "rmsd_std": 0.504342466773417,
    "rmsd_max": 7.581169550983322,
    "rg_mean": 11.142471488559975,
    "rg_std": 1.0780155333988615,
    "n_exposed_beads": 26,
    "membrane_contacts_mean": 31.76769966419816,
    "membrane_contacts_max": 95.67325061243419,
    "membrane_contacts_std": 28.68769288476359,
    "energy_mean": -46935.14907876561,
    "energy_std": 495.56623548190817,
    "energy_drift": 19.119012875407407,
    "msd": 46.88898792855677,
    "mobility": 4.777927012804314,
    "membrane_perturbation": 0.3576967198506338
  },
  "mock_data": true
}