{
  "peptide_id": "SOLVIA_2000",
  "features": {
    "rmsd_mean": 4.504529988017924,
    "rmsd_std": 0.8769876425040529,
    "rmsd_max": 6.500405979711184,
    "rg_mean": 8.046346812656768,
    "rg_std": 1.2787673050930595,
    "n_exposed_beads": 47,
    "membrane_contacts_mean": 62.232609397529366,
    "membrane_contacts_max": 80.77008333702435,
    "membrane_contacts_std": 5.503601516126912,
    "energy_mean": -44065.76663168028,
    "energy_std": 307.8117507349832,
    "energy_drift": -85.94611648197892,
    "msd": 3.5771774335043043,
    "mobility": 2.9634519234990133,
    "membrane_perturbation": 0.6875417515763036
  },
  "mock_data": true
}