{
  "peptide_id": "SOLVIA_700",
  "features": {
    "rmsd_mean": 4.711421762027311,
    "rmsd_std": 1.2273643675793993,
    "rmsd_max": 6.960625867862344,
    "rg_mean": 12.344553616821072,
    "rg_std": 0.6893414052558182,
    "n_exposed_beads": 22,
    "membrane_contacts_mean": 69.49788771236535,
    "membrane_contacts_max": 148.48806666068276,
    "membrane_contacts_std": 9.419761968505387,
    "energy_mean": -45585.82897496901,
    "energy_std": 188.5451236962091,
    "energy_drift": 84.7171337316212,
    "msd": 28.345524519474658,
    "mobility": 4.8202066669382555,
    "membrane_perturbation": 0.7570047458580692
  },
  "mock_data": true
}