{
  "peptide_id": "SOLVIA_1300",
  "features": {
    "rmsd_mean": 1.9687272134558773,
    "rmsd_std": 1.641994771743911,
    "rmsd_max": 5.792715785619334,
    "rg_mean": 8.42051021574503,
    "rg_std": 1.0883379018523014,
    "n_exposed_beads": 23,
    "membrane_contacts_mean": 97.90957642415307,
    "membrane_contacts_max": 149.14019165640133,
    "membrane_contacts_std": 17.51808495897704,
    "energy_mean": -40263.989627477764,
    "energy_std": 494.8598915117797,
    "energy_drift": -39.131038105628036,
    "msd": 3.335045841640839,
    "mobility": 1.3570691616041701,
    "membrane_perturbation": 0.8266202037722172
  },
  "mock_data": true
}