{
  "peptide_id": "SOLVIA_1800",
  "features": {
    "rmsd_mean": 4.749241308866022,
    "rmsd_std": 0.7662132092198196,
    "rmsd_max": 7.637165501323919,
    "rg_mean": 8.863506857840187,
    "rg_std": 1.3468073648047185,
    "n_exposed_beads": 38,
    "membrane_contacts_mean": 16.054628890166384,
    "membrane_contacts_max": 198.37704728193197,
    "membrane_contacts_std": 24.23354515709954,
    "energy_mean": -46925.885129248556,
    "energy_std": 211.63238122524982,
    "energy_drift": 11.372081635139281,
    "msd": 33.52710552466677,
    "mobility": 4.413394915852117,
    "membrane_perturbation": 0.6561412258419226
  },
  "mock_data": true
}