{
  "peptide_id": "SOLVIA_3",
  "features": {
    "rmsd_mean": 4.067519114967698,
    "rmsd_std": 1.0825821342206257,
    "rmsd_max": 4.264145283593381,
    "rg_mean": 11.048569934915488,
    "rg_std": 1.9892874323061291,
    "n_exposed_beads": 34,
    "membrane_contacts_mean": 87.36030017510664,
    "membrane_contacts_max": 76.16008978945383,
    "membrane_contacts_std": 21.66518698247699,
    "energy_mean": -47347.10384310712,
    "energy_std": 406.2509217934652,
    "energy_drift": 83.87671056472118,
    "msd": 26.280587363785035,
    "mobility": 4.889917451111334,
    "membrane_perturbation": 0.47339094162496653
  },
  "mock_data": true
}