{
  "peptide_id": "SOLVIA_400",
  "features": {
    "rmsd_mean": 3.5548094193798696,
    "rmsd_std": 1.1367402634588517,
    "rmsd_max": 7.8381293239268635,
    "rg_mean": 12.761908212577698,
    "rg_std": 0.7343939134444863,
    "n_exposed_beads": 37,
    "membrane_contacts_mean": 71.5944045998181,
    "membrane_contacts_max": 132.62200814462614,
    "membrane_contacts_std": 18.632177885029805,
    "energy_mean": -49886.58430798832,
    "energy_std": 489.15951091286405,
    "energy_drift": -84.7792245288409,
    "msd": 44.89878772906804,
    "mobility": 4.633099810321662,
    "membrane_perturbation": 0.2270025698635444
  },
  "mock_data": true
}